TARGET_FID,srvy_yr,srvy_day,leafout,group,obs_id,latitude,longitude,bulls,yrlcow,cow0clf,cow1clf,cow2clf,cow3clf,adyrtot,calftot,adcowtot,all_cows,pilot,observer,nabevw
2,2021,5/29/2021,60,1,2021_1,63.237804,-142.899572,0,0,0,1,0,0,1,1,1,1,Leif Wilson,Bryce Woodruff,West
36,2021,5/29/2021,60,10,2021_10,.,.,0,0,5,0,0,0,5,0,5,5,Leif Wilson,Bryce Woodruff,East
43,2021,5/29/2021,60,11,2021_11,63.074387,-142.905528,0,0,2,0,0,0,2,0,2,2,Leif Wilson,Bryce Woodruff,West
47,2021,5/29/2021,60,12,2021_12,63.040486,-142.797823,0,0,0,1,0,0,1,1,1,1,Leif Wilson,Bryce Woodruff,West
48,2021,5/29/2021,60,13,2021_13,.,.,1,0,0,0,0,0,1,0,0,0,Leif Wilson,Bryce Woodruff,East
52,2021,5/29/2021,60,14,2021_14,.,.,1,0,0,0,0,0,1,0,0,0,Leif Wilson,Bryce Woodruff,East
59,2021,5/29/2021,60,15,2021_15,62.942424,-142.577534,2,0,2,2,0,0,6,2,4,4,Leif Wilson,Bryce Woodruff,West
63,2021,5/29/2021,60,16,2021_16,62.943628,-142.554784,0,0,1,1,0,0,2,1,2,2,Leif Wilson,Bryce Woodruff,West
64,2021,5/29/2021,60,17,2021_17,.,.,1,0,0,0,0,0,1,0,0,0,Leif Wilson,Bryce Woodruff,East
71,2021,5/29/2021,60,18,2021_18,62.787675,-142.474736,0,0,1,0,0,0,1,0,1,1,Leif Wilson,Bryce Woodruff,West
72,2021,5/29/2021,60,19,2021_19,.,.,2,0,2,0,0,0,4,0,2,2,Leif Wilson,Bryce Woodruff,East
7,2021,5/29/2021,60,2,2021_2,63.237284,-142.899038,0,0,2,0,0,0,2,0,2,2,Leif Wilson,Bryce Woodruff,West
78,2021,5/29/2021,60,20,2021_20,62.787675,-142.474736,0,0,0,1,0,0,1,1,1,1,Leif Wilson,Bryce Woodruff,West
83,2021,5/29/2021,60,21,2021_21,62.767385,-142.514212,0,0,0,1,0,0,1,1,1,1,Leif Wilson,Bryce Woodruff,West
84,2021,5/29/2021,60,22,2021_22,.,.,0,3,0,0,0,0,3,0,0,3,Leif Wilson,Bryce Woodruff,East
90,2021,5/29/2021,60,23,2021_23,62.853139,-142.297584,0,0,0,1,0,0,1,1,1,1,Leif Wilson,Bryce Woodruff,West
95,2021,5/29/2021,60,24,2021_24,62.86855,-142.290291,0,0,1,0,0,0,1,0,1,1,Leif Wilson,Bryce Woodruff,West
99,2021,5/29/2021,60,25,2021_25,63.237792,-142.62482,0,0,0,1,0,0,1,1,1,1,Leif Wilson,Bryce Woodruff,West
8,2021,5/29/2021,60,3,2021_3,.,.,3,0,0,0,0,0,3,0,0,0,Leif Wilson,Bryce Woodruff,East
15,2021,5/29/2021,60,4,2021_4,63.231502,-142.914636,0,0,1,0,0,0,1,0,1,1,Leif Wilson,Bryce Woodruff,West
19,2021,5/29/2021,60,5,2021_5,63.20298,-142.974734,0,0,0,1,0,0,1,1,1,1,Leif Wilson,Bryce Woodruff,West
23,2021,5/29/2021,60,6,2021_6,63.186371,-143.027663,0,0,4,0,0,0,4,0,4,4,Leif Wilson,Bryce Woodruff,West
24,2021,5/29/2021,60,7,2021_7,.,.,2,0,0,0,0,0,2,0,0,0,Leif Wilson,Bryce Woodruff,East
31,2021,5/29/2021,60,8,2021_8,63.073145,-142.870058,0,1,1,0,0,0,2,0,1,2,Leif Wilson,Bryce Woodruff,West
35,2021,5/29/2021,60,9,2021_9,63.070876,-142.905802,1,1,5,0,0,0,7,0,5,6,Leif Wilson,Bryce Woodruff,West
0,2021,5/30/2021,60,1,2021_26,.,.,0,1,1,0,0,0,2,0,1,2,Leif Wilson,Bryce Woodruff,East
4,2021,5/30/2021,60,2,2021_27,.,.,0,0,1,0,0,0,1,0,1,1,Leif Wilson,Bryce Woodruff,East
9,2021,5/30/2021,60,3,2021_28,.,.,0,0,1,0,0,0,1,0,1,1,Leif Wilson,Bryce Woodruff,East
12,2021,5/30/2021,60,4,2021_29,.,.,0,0,1,0,0,0,1,0,1,1,Leif Wilson,Bryce Woodruff,East
16,2021,5/30/2021,60,5,2021_30,.,.,0,0,1,0,0,0,1,0,1,1,Leif Wilson,Bryce Woodruff,East
20,2021,5/30/2021,60,6,2021_31,.,.,0,0,1,0,0,0,1,0,1,1,Leif Wilson,Bryce Woodruff,East
25,2021,5/30/2021,60,7,2021_32,.,.,0,0,1,0,0,0,1,0,1,1,Leif Wilson,Bryce Woodruff,East
28,2021,5/30/2021,60,8,2021_33,.,.,0,2,1,0,0,0,3,0,1,3,Leif Wilson,Bryce Woodruff,East
32,2021,5/30/2021,60,9,2021_34,.,.,1,0,0,0,0,0,1,0,0,0,Leif Wilson,Bryce Woodruff,East
37,2021,5/30/2021,60,10,2021_35,.,.,1,0,0,0,0,0,1,0,0,0,Leif Wilson,Bryce Woodruff,East
40,2021,5/30/2021,60,11,2021_36,.,.,0,1,1,0,0,0,2,0,1,2,Leif Wilson,Bryce Woodruff,East
44,2021,5/30/2021,60,12,2021_37,.,.,1,0,1,0,0,0,2,0,1,1,Leif Wilson,Bryce Woodruff,East
49,2021,5/30/2021,60,13,2021_38,.,.,1,0,0,0,0,0,1,0,0,0,Leif Wilson,Bryce Woodruff,East
53,2021,5/30/2021,60,14,2021_39,.,.,0,0,1,0,0,0,1,0,1,1,Leif Wilson,Bryce Woodruff,East
56,2021,5/30/2021,60,15,2021_40,.,.,1,0,0,0,0,0,1,0,0,0,Leif Wilson,Bryce Woodruff,East
60,2021,5/30/2021,60,16,2021_41,.,.,0,0,1,0,0,0,1,0,1,1,Leif Wilson,Bryce Woodruff,East
65,2021,5/30/2021,60,17,2021_42,.,.,0,0,1,0,0,0,1,0,1,1,Leif Wilson,Bryce Woodruff,East
68,2021,5/30/2021,60,18,2021_43,.,.,2,0,0,0,0,0,2,0,0,0,Leif Wilson,Bryce Woodruff,East
74,2021,5/30/2021,60,19,2021_44,62.784112,-141.862051,0,0,0,1,0,0,1,1,1,1,Leif Wilson,Bryce Woodruff,East
79,2021,5/30/2021,60,20,2021_45,62.793394,-141.927789,0,0,0,1,0,0,1,1,1,1,Leif Wilson,Bryce Woodruff,East
80,2021,5/30/2021,60,21,2021_46,.,.,1,0,0,0,0,0,1,0,0,0,Leif Wilson,Bryce Woodruff,East
87,2021,5/30/2021,60,22,2021_47,62.944459,-142.207153,0,0,0,1,0,0,1,1,1,1,Leif Wilson,Bryce Woodruff,West
88,2021,5/30/2021,60,23,2021_48,.,.,0,0,1,0,0,0,1,0,1,1,Leif Wilson,Bryce Woodruff,East
92,2021,5/30/2021,60,24,2021_49,.,.,0,1,0,0,0,0,1,0,0,1,Leif Wilson,Bryce Woodruff,East
96,2021,5/30/2021,60,25,2021_50,.,.,1,0,0,0,0,0,1,0,0,0,Leif Wilson,Bryce Woodruff,East
100,2021,5/30/2021,60,26,2021_51,.,.,0,0,1,0,0,0,1,0,1,1,Leif Wilson,Bryce Woodruff,East
103,2021,5/30/2021,60,27,2021_52,.,.,0,0,1,0,0,0,1,0,1,1,Leif Wilson,Bryce Woodruff,East
106,2021,5/30/2021,60,28,2021_53,63.233318,-142.57873,0,0,0,0,1,0,1,2,1,1,Leif Wilson,Bryce Woodruff,West
108,2021,5/30/2021,60,29,2021_54,63.317882,-142.877021,0,0,0,1,0,0,1,1,1,1,Leif Wilson,Bryce Woodruff,West
1,2021,5/31/2021,60,1,2021_55,.,.,0,0,1,0,0,0,1,0,1,1,Leif Wilson,Bryce Woodruff,East
5,2021,5/31/2021,60,2,2021_56,.,.,2,0,0,0,0,0,2,0,0,0,Leif Wilson,Bryce Woodruff,East
10,2021,5/31/2021,60,3,2021_57,.,.,0,1,1,0,0,0,2,0,1,2,Leif Wilson,Bryce Woodruff,East
13,2021,5/31/2021,60,4,2021_58,.,.,0,0,1,0,0,0,1,0,1,1,Leif Wilson,Bryce Woodruff,East
18,2021,5/31/2021,60,5,2021_59,62.79652,-142.04675,0,0,0,1,0,0,1,1,1,1,Leif Wilson,Bryce Woodruff,East
21,2021,5/31/2021,60,6,2021_60,.,.,1,0,0,0,0,0,1,0,0,0,Leif Wilson,Bryce Woodruff,East
27,2021,5/31/2021,60,7,2021_61,62.814472,-141.956898,0,0,0,1,0,0,1,1,1,1,Leif Wilson,Bryce Woodruff,East
29,2021,5/31/2021,60,8,2021_62,.,.,1,0,0,0,0,0,1,0,0,0,Leif Wilson,Bryce Woodruff,East
33,2021,5/31/2021,60,9,2021_63,.,.,0,2,1,0,0,0,3,0,1,3,Leif Wilson,Bryce Woodruff,East
38,2021,5/31/2021,60,10,2021_64,.,.,0,1,1,0,0,0,2,0,1,2,Leif Wilson,Bryce Woodruff,East
41,2021,5/31/2021,60,11,2021_65,.,.,1,0,0,0,0,0,1,0,0,0,Leif Wilson,Bryce Woodruff,East
45,2021,5/31/2021,60,12,2021_66,.,.,1,0,0,0,0,0,1,0,0,0,Leif Wilson,Bryce Woodruff,East
50,2021,5/31/2021,60,13,2021_67,.,.,0,0,2,0,0,0,2,0,2,2,Leif Wilson,Bryce Woodruff,East
54,2021,5/31/2021,60,14,2021_68,.,.,1,0,0,0,0,0,1,0,0,0,Leif Wilson,Bryce Woodruff,East
57,2021,5/31/2021,60,15,2021_69,.,.,0,0,1,0,0,0,1,0,1,1,Leif Wilson,Bryce Woodruff,East
62,2021,5/31/2021,60,16,2021_70,62.716315,-141.685811,0,0,0,0,1,0,1,2,1,1,Leif Wilson,Bryce Woodruff,East
66,2021,5/31/2021,60,17,2021_71,.,.,1,0,1,0,0,0,2,0,1,1,Leif Wilson,Bryce Woodruff,East
69,2021,5/31/2021,60,18,2021_72,.,.,1,0,0,0,0,0,1,0,0,0,Leif Wilson,Bryce Woodruff,East
75,2021,5/31/2021,60,19,2021_73,62.84789,-141.969903,0,0,0,0,1,0,1,2,1,1,Leif Wilson,Bryce Woodruff,East
76,2021,5/31/2021,60,20,2021_74,.,.,1,0,0,0,0,0,1,0,0,0,Leif Wilson,Bryce Woodruff,East
81,2021,5/31/2021,60,21,2021_75,.,.,2,0,0,0,0,0,2,0,0,0,Leif Wilson,Bryce Woodruff,East
85,2021,5/31/2021,60,22,2021_76,.,.,0,0,1,0,0,0,1,0,1,1,Leif Wilson,Bryce Woodruff,East
91,2021,5/31/2021,60,23,2021_77,62.910974,-142.17848,0,0,0,0,1,0,1,2,1,1,Leif Wilson,Bryce Woodruff,West
93,2021,5/31/2021,60,24,2021_78,.,.,1,0,0,0,0,0,1,0,0,0,Leif Wilson,Bryce Woodruff,East
97,2021,5/31/2021,60,25,2021_79,.,.,2,0,0,0,0,0,2,0,0,0,Leif Wilson,Bryce Woodruff,East
101,2021,5/31/2021,60,26,2021_80,.,.,2,0,0,0,0,0,2,0,0,0,Leif Wilson,Bryce Woodruff,East
3,2021,6/3/2021,75,1,2021_107,63.26837,-142.80809,0,0,0,1,0,0,1,1,1,1,Jake Combs,Bryce Woodruff,West
6,2021,6/3/2021,75,2,2021_108,63.229229,-142.743428,0,0,0,1,0,0,1,1,1,1,Jake Combs,Bryce Woodruff,West
11,2021,6/3/2021,75,3,2021_109,.,.,1,0,0,0,0,0,1,0,0,0,Jake Combs,Bryce Woodruff,East
14,2021,6/3/2021,75,4,2021_110,63.197168,-142.614357,0,0,0,1,0,0,1,1,1,1,Jake Combs,Bryce Woodruff,West
17,2021,6/3/2021,75,5,2021_111,.,.,1,1,0,0,0,0,2,0,0,1,Jake Combs,Bryce Woodruff,East
22,2021,6/3/2021,75,6,2021_112,.,.,0,0,1,0,0,0,1,0,1,1,Jake Combs,Bryce Woodruff,East
26,2021,6/3/2021,75,7,2021_113,.,.,0,0,1,0,0,0,1,0,1,1,Jake Combs,Bryce Woodruff,East
30,2021,6/3/2021,75,8,2021_114,.,.,0,0,1,0,0,0,1,0,1,1,Jake Combs,Bryce Woodruff,East
34,2021,6/3/2021,75,9,2021_115,.,.,2,0,1,0,0,0,3,0,1,1,Jake Combs,Bryce Woodruff,East
39,2021,6/3/2021,75,10,2021_116,62.870893,-142.441481,0,0,0,1,0,0,1,1,1,1,Jake Combs,Bryce Woodruff,West
42,2021,6/3/2021,75,11,2021_117,.,.,1,0,0,0,0,0,1,0,0,0,Jake Combs,Bryce Woodruff,East
46,2021,6/3/2021,75,12,2021_118,.,.,0,0,1,0,0,0,1,0,1,1,Jake Combs,Bryce Woodruff,East
51,2021,6/3/2021,75,13,2021_119,.,.,0,0,1,0,0,0,1,0,1,1,Jake Combs,Bryce Woodruff,East
55,2021,6/3/2021,75,14,2021_120,62.689994,-142.148009,0,0,0,1,0,0,1,1,1,1,Jake Combs,Bryce Woodruff,West
58,2021,6/3/2021,75,15,2021_121,62.639543,-142.209369,0,0,0,1,0,0,1,1,1,1,Jake Combs,Bryce Woodruff,West
61,2021,6/3/2021,75,16,2021_122,.,.,2,0,0,0,0,0,2,0,0,0,Jake Combs,Bryce Woodruff,East
67,2021,6/3/2021,75,17,2021_123,.,.,1,0,0,0,0,0,1,0,0,0,Jake Combs,Bryce Woodruff,East
70,2021,6/3/2021,75,18,2021_124,.,.,0,0,1,0,0,0,1,0,1,1,Jake Combs,Bryce Woodruff,East
73,2021,6/3/2021,75,19,2021_125,62.520671,-142.057449,0,0,0,0,1,0,1,2,1,1,Jake Combs,Bryce Woodruff,East
77,2021,6/3/2021,75,20,2021_126,.,.,1,0,0,0,0,0,1,0,0,0,Jake Combs,Bryce Woodruff,East
82,2021,6/3/2021,75,21,2021_127,.,.,1,0,0,0,0,0,1,0,0,0,Jake Combs,Bryce Woodruff,East
86,2021,6/3/2021,75,22,2021_128,62.605562,-141.989652,0,0,0,1,0,0,1,1,1,1,Jake Combs,Bryce Woodruff,East
89,2021,6/3/2021,75,23,2021_129,.,.,0,1,0,0,0,0,1,0,0,1,Jake Combs,Bryce Woodruff,East
94,2021,6/3/2021,75,24,2021_130,62.825525,-142.146478,0,0,0,1,0,0,1,1,1,1,Jake Combs,Bryce Woodruff,West
98,2021,6/3/2021,75,25,2021_131,.,.,0,0,1,0,0,0,1,0,1,1,Jake Combs,Bryce Woodruff,East
102,2021,6/3/2021,75,26,2021_132,62.861612,-142.12244,0,0,0,0,1,0,1,2,1,1,Jake Combs,Bryce Woodruff,East
104,2021,6/3/2021,75,27,2021_133,.,.,0,1,1,0,0,0,2,0,1,2,Jake Combs,Bryce Woodruff,East
105,2021,6/3/2021,75,28,2021_134,.,.,0,0,1,0,0,0,1,0,1,1,Jake Combs,Bryce Woodruff,East
107,2021,6/3/2021,75,29,2021_135,.,.,2,0,0,0,0,0,2,0,0,0,Jake Combs,Bryce Woodruff,East
109,2021,6/3/2021,75,30,2021_136,.,.,1,0,0,0,0,0,1,0,0,0,Jake Combs,Bryce Woodruff,East
110,2021,6/3/2021,75,31,2021_137,.,.,1,0,1,0,0,0,2,0,1,1,Jake Combs,Bryce Woodruff,East
111,2021,6/3/2021,75,32,2021_138,.,.,0,0,1,0,0,0,1,0,1,1,Jake Combs,Bryce Woodruff,East
112,2021,6/3/2021,75,33,2021_139,.,.,2,0,0,0,0,0,2,0,0,0,Jake Combs,Bryce Woodruff,East
113,2021,6/3/2021,75,34,2021_140,.,.,1,1,0,0,0,0,2,0,0,1,Jake Combs,Bryce Woodruff,East
114,2021,6/3/2021,75,35,2021_141,63.151594,-142.443033,0,0,0,1,0,0,1,1,1,1,Jake Combs,Bryce Woodruff,West
115,2021,6/3/2021,75,36,2021_142,.,.,1,0,0,0,0,0,1,0,0,0,Jake Combs,Bryce Woodruff,East
116,2021,6/3/2021,75,37,2021_143,.,.,0,0,1,0,0,0,1,0,1,1,Jake Combs,Bryce Woodruff,East
117,2021,6/3/2021,75,38,2021_144,.,.,1,0,0,0,0,0,1,0,0,0,Jake Combs,Bryce Woodruff,East
126,2022,5/29/2022,65,10,2022_010,63.18536497,-143.014009,0,0,1,0,0,0,1,0,1,1,Leif Wilson,Brent Jamison,West
127,2022,5/29/2022,65,11,2022_011,63.18348901,-143.018663,0,0,1,0,0,0,1,0,1,1,Leif Wilson,Brent Jamison,West
128,2022,5/29/2022,65,12,2022_012,63.18396804,-143.023961,0,0,1,0,0,0,1,0,1,1,Leif Wilson,Brent Jamison,West
129,2022,5/29/2022,65,13,2022_013,63.18401003,-143.023991,0,0,1,0,0,0,1,0,1,1,Leif Wilson,Brent Jamison,West
130,2022,5/29/2022,65,14,2022_014,63.18559899,-143.017082,0,0,0,1,0,0,1,1,1,1,Leif Wilson,Brent Jamison,West
131,2022,5/29/2022,65,15,2022_015,63.17790398,-143.023638,0,1,1,0,0,0,2,0,1,2,Leif Wilson,Brent Jamison,West
132,2022,5/29/2022,65,16,2022_016,63.17729898,-143.032599,0,0,1,0,0,0,1,0,1,1,Leif Wilson,Brent Jamison,West
133,2022,5/29/2022,65,17,2022_017,63.17207596,-143.061087,0,0,1,0,0,0,1,0,1,1,Leif Wilson,Brent Jamison,West
134,2022,5/29/2022,65,18,2022_018,63.17151899,-143.056375,0,1,2,0,0,0,3,0,2,3,Leif Wilson,Brent Jamison,West
135,2022,5/29/2022,65,19,2022_019,63.17649197,-143.022861,0,1,1,0,0,0,2,0,1,2,Leif Wilson,Brent Jamison,West
118,2022,5/29/2022,65,2,2022_02,63.319936,-142.914619,0,0,0,1,0,0,1,1,1,1,Leif Wilson,Brent Jamison,West
136,2022,5/29/2022,65,21,2022_021,63.19202104,-142.980327,0,0,1,0,0,0,1,0,1,1,Leif Wilson,Brent Jamison,West
137,2022,5/29/2022,65,22,2022_022,63.19162298,-142.981133,0,0,0,1,0,0,1,1,1,1,Leif Wilson,Brent Jamison,West
138,2022,5/29/2022,65,23,2022_023,63.22998703,-142.905712,1,0,0,0,0,0,1,0,0,0,Leif Wilson,Brent Jamison,West
139,2022,5/29/2022,65,24,2022_024,63.23246397,-142.902478,2,0,0,0,0,0,2,0,0,0,Leif Wilson,Brent Jamison,West
140,2022,5/29/2022,65,25,2022_025,63.24048696,-142.88496,0,1,1,0,0,0,2,0,1,2,Leif Wilson,Brent Jamison,West
141,2022,5/29/2022,65,26,2022_026,63.26003004,-142.8409,0,0,1,0,0,0,1,0,1,1,Leif Wilson,Brent Jamison,West
142,2022,5/29/2022,65,27,2022_027,63.25587002,-142.841229,0,1,2,0,0,0,0,0,2,3,Leif Wilson,Brent Jamison,West
143,2022,5/29/2022,65,28,2022_028,63.261059,-142.82597,3,0,0,0,0,0,3,0,0,0,Leif Wilson,Brent Jamison,West
144,2022,5/29/2022,65,29,2022_029,63.25489503,-142.835034,3,0,0,0,0,0,3,0,0,0,Leif Wilson,Brent Jamison,West
119,2022,5/29/2022,65,3,2022_03,63.21629897,-142.949221,0,1,0,0,0,0,1,0,0,1,Leif Wilson,Brent Jamison,West
145,2022,5/29/2022,65,30,2022_030,63.25731204,-142.828095,0,0,0,0,1,0,1,2,1,1,Leif Wilson,Brent Jamison,West
146,2022,5/29/2022,65,31,2022_031,63.26799,-142.815297,0,0,1,0,0,0,1,0,1,1,Leif Wilson,Brent Jamison,West
147,2022,5/29/2022,65,32,2022_032,63.261763,-142.799531,0,0,1,0,0,0,1,0,1,1,Leif Wilson,Brent Jamison,West
148,2022,5/29/2022,65,34,2022_034,63.07553597,-142.905981,0,0,2,0,0,0,2,0,2,2,Leif Wilson,Brent Jamison,West
149,2022,5/29/2022,65,35,2022_035,63.07576999,-142.874926,0,0,1,0,0,0,1,0,1,1,Leif Wilson,Brent Jamison,West
150,2022,5/29/2022,65,36,2022_036,63.05834703,-142.861584,0,0,2,0,0,0,2,0,2,2,Leif Wilson,Brent Jamison,West
151,2022,5/29/2022,65,37,2022_037,63.04957797,-142.787781,0,0,1,0,0,0,1,0,1,1,Leif Wilson,Brent Jamison,West
152,2022,5/29/2022,65,38,2022_038,63.04711897,-142.789534,0,0,1,0,0,0,1,0,1,1,Leif Wilson,Brent Jamison,West
153,2022,5/29/2022,65,39,2022_039,63.05535,-142.729561,1,0,0,0,0,0,1,0,0,0,Leif Wilson,Brent Jamison,West
120,2022,5/29/2022,65,4,2022_04,63.21937596,-142.949353,0,0,1,0,0,0,1,0,1,1,Leif Wilson,Brent Jamison,West
154,2022,5/29/2022,65,40,2022_040,62.98989999,-142.542498,0,0,1,0,0,0,1,0,1,1,Leif Wilson,Brent Jamison,West
155,2022,5/29/2022,65,41,2022_041,62.90736699,-142.229168,0,1,1,0,0,0,2,0,1,2,Leif Wilson,Brent Jamison,West
156,2022,5/29/2022,65,42,2022_042,62.88786197,-142.235504,2,0,0,0,0,0,2,0,0,0,Leif Wilson,Brent Jamison,West
157,2022,5/29/2022,65,43,2022_043,62.88099501,-142.219489,2,0,0,0,0,0,2,0,0,0,Leif Wilson,Brent Jamison,West
158,2022,5/29/2022,65,44,2022_044,62.911538,-142.25105,0,0,1,0,0,0,1,0,1,1,Leif Wilson,Brent Jamison,West
159,2022,5/29/2022,65,45,2022_045,62.88764002,-142.268809,2,0,0,0,0,0,2,0,0,0,Leif Wilson,Brent Jamison,West
160,2022,5/29/2022,65,46,2022_046,62.89324399,-142.281598,0,0,0,1,0,0,1,1,1,1,Leif Wilson,Brent Jamison,West
161,2022,5/29/2022,65,47,2022_047,62.97581102,-142.169788,1,0,0,0,0,0,1,0,0,0,Leif Wilson,Brent Jamison,West
162,2022,5/29/2022,65,48,2022_048,62.97733703,-142.1622,0,0,0,1,0,0,1,1,1,1,Leif Wilson,Brent Jamison,West
163,2022,5/29/2022,65,49,2022_049,63.15253196,-142.25508,1,0,0,0,0,0,1,0,0,0,Leif Wilson,Brent Jamison,West
121,2022,5/29/2022,65,5,2022_05,63.21700397,-142.947968,0,0,0,1,0,0,1,1,1,1,Leif Wilson,Brent Jamison,West
164,2022,5/29/2022,65,50,2022_050,63.162533,-142.251439,1,0,0,0,0,0,1,0,0,0,Leif Wilson,Brent Jamison,West
165,2022,5/29/2022,65,51,2022_051,63.16624903,-142.241992,1,0,0,0,0,0,1,0,0,0,Leif Wilson,Brent Jamison,West
166,2022,5/29/2022,65,52,2022_052,63.24119397,-142.598913,2,0,0,0,0,0,2,0,0,0,Leif Wilson,Brent Jamison,West
122,2022,5/29/2022,65,6,2022_06,63.21305098,-142.94304,0,0,1,0,0,0,1,0,1,1,Leif Wilson,Brent Jamison,West
123,2022,5/29/2022,65,7,2022_07,63.21248,-142.950951,0,0,1,0,0,0,1,0,1,1,Leif Wilson,Brent Jamison,West
124,2022,5/29/2022,65,8,2022_08,63.21584903,-142.954016,0,0,0,1,0,0,1,1,1,1,Leif Wilson,Brent Jamison,West
125,2022,5/29/2022,65,9,2022_09,63.21477002,-142.953627,0,1,0,0,0,0,1,0,0,1,Leif Wilson,Brent Jamison,West
167,2022,5/30/2022,65,53,2022_053,63.33626797,-142.845882,0,0,1,0,0,0,2,0,1,1,Leif Wilson,Brent Jamison,West
168,2022,5/30/2022,65,54,2022_054,63.32585396,-142.73217,1,0,1,0,0,0,2,0,1,1,Leif Wilson,Brent Jamison,West
169,2022,5/30/2022,65,55,2022_055,63.23917704,-142.517393,0,0,1,1,0,0,2,1,2,2,Leif Wilson,Brent Jamison,West
170,2022,5/30/2022,65,56,2022_056,63.23951097,-142.442489,0,0,1,0,0,0,1,0,1,1,Leif Wilson,Brent Jamison,West
171,2022,5/30/2022,65,57,2022_057,63.22354797,-142.514703,1,0,0,0,0,0,1,0,0,0,Leif Wilson,Brent Jamison,West
172,2022,5/30/2022,65,58,2022_058,63.2026,-142.423333,0,0,0,0,1,0,1,2,1,1,Leif Wilson,Brent Jamison,West
173,2022,5/30/2022,65,59,2022_059,63.16418197,-142.224794,0,0,1,0,0,0,1,0,1,1,Leif Wilson,Brent Jamison,West
174,2022,5/30/2022,65,60,2022_060,63.14875701,-142.154971,0,1,2,0,0,0,3,0,2,3,Leif Wilson,Brent Jamison,West
175,2022,5/30/2022,65,61,2022_061,63.15297,-142.179795,1,0,0,0,0,0,1,0,0,0,Leif Wilson,Brent Jamison,West
176,2022,5/30/2022,65,62,2022_062,63.13757102,-142.155361,0,0,1,0,0,0,1,0,1,1,Leif Wilson,Brent Jamison,West
177,2022,5/30/2022,65,63,2022_063,63.04059701,-142.217043,0,0,0,1,0,0,1,1,1,1,Leif Wilson,Brent Jamison,West
178,2022,5/30/2022,65,64,2022_064,63.047124,-142.193794,0,0,1,0,0,0,1,0,1,1,Leif Wilson,Brent Jamison,West
179,2022,5/30/2022,65,65,2022_065,63.00032901,-142.19355,2,0,0,1,0,0,3,1,1,1,Leif Wilson,Brent Jamison,West
180,2022,5/30/2022,65,66,2022_066,62.92927301,-142.227247,0,0,0,1,0,0,1,1,1,1,Leif Wilson,Brent Jamison,West
181,2022,5/30/2022,65,67,2022_067,62.91274399,-142.18608,1,0,0,0,0,0,1,0,0,0,Leif Wilson,Brent Jamison,West
182,2022,5/30/2022,65,68,2022_068,62.98339798,-142.164543,1,0,0,0,0,0,1,0,0,0,Leif Wilson,Brent Jamison,West
183,2022,5/30/2022,65,69,2022_069,63.01030003,-142.180334,0,0,1,0,0,0,1,0,1,1,Leif Wilson,Brent Jamison,West
184,2022,5/30/2022,65,70,2022_070,62.99619396,-142.123454,1,0,2,0,0,0,3,0,2,2,Leif Wilson,Brent Jamison,West
185,2022,5/30/2022,65,71,2022_071,62.82350404,-142.288397,0,0,1,0,0,0,1,0,1,1,Leif Wilson,Brent Jamison,West
186,2022,5/30/2022,65,72,2022_072,62.79928302,-142.30614,1,0,0,0,0,0,1,0,0,0,Leif Wilson,Brent Jamison,West
187,2022,5/30/2022,65,73,2022_073,62.78559596,-142.441868,0,0,1,0,0,0,1,0,1,1,Leif Wilson,Brent Jamison,West
188,2022,5/30/2022,65,74,2022_074,62.78975003,-142.450377,2,0,0,1,0,0,3,1,1,1,Leif Wilson,Brent Jamison,West
189,2022,5/30/2022,65,75,2022_075,62.91360104,-142.186656,1,0,0,0,0,0,1,0,0,0,Leif Wilson,Brent Jamison,West
190,2022,6/2/2022,65,77,2022_077,63.16495,-142.340252,1,0,0,0,0,0,1,0,0,0,Leif Wilson,G. Trent Gilmore,West
191,2022,6/2/2022,65,78,2022_078,63.13556003,-142.270447,0,0,0,0,1,0,1,2,1,1,Leif Wilson,G. Trent Gilmore,West
192,2022,6/2/2022,65,79,2022_079,63.13136397,-142.240086,1,0,0,0,0,0,1,0,0,0,Leif Wilson,G. Trent Gilmore,West
193,2022,6/2/2022,65,80,2022_080,63.13136397,-142.240086,1,0,0,0,0,0,1,0,0,0,Leif Wilson,G. Trent Gilmore,West
194,2022,6/2/2022,65,81,2022_081,62.96546901,-142.05413,0,1,1,0,0,0,2,0,1,2,Leif Wilson,G. Trent Gilmore,West
195,2022,6/2/2022,65,82,2022_082,62.53534201,-142.151089,0,1,1,0,0,0,2,0,1,2,Leif Wilson,G. Trent Gilmore,East
196,2022,6/2/2022,65,83,2022_083,62.59570101,-142.025266,1,0,0,0,0,0,1,0,0,0,Leif Wilson,G. Trent Gilmore,East
197,2022,6/2/2022,65,84,2022_084,62.59570101,-142.023695,1,0,0,0,0,0,1,0,0,0,Leif Wilson,G. Trent Gilmore,East
198,2022,6/2/2022,65,85,2022_085,62.59570101,-142.023695,1,0,0,0,0,0,1,0,0,0,Leif Wilson,G. Trent Gilmore,East
199,2022,6/2/2022,65,86,2022_086,62.606182,-142.023695,1,0,0,0,0,0,1,0,0,0,Leif Wilson,G. Trent Gilmore,East
200,2022,6/2/2022,65,87,2022_087,62.606182,-142.023695,0,0,1,0,0,0,1,0,1,1,Leif Wilson,G. Trent Gilmore,East
201,2022,6/2/2022,65,88,2022_088,62.606182,-142.023695,1,0,0,0,0,0,1,0,0,0,Leif Wilson,G. Trent Gilmore,East
202,2022,6/2/2022,65,89,2022_089,62.97713402,-141.803498,0,0,1,0,0,0,1,0,1,1,Leif Wilson,G. Trent Gilmore,East
203,2022,6/2/2022,65,90,2022_090,62.95077897,-141.661005,0,0,1,0,0,0,1,0,1,1,Leif Wilson,G. Trent Gilmore,East
222,2022,6/2/2022,65,209,2022_209,.,.,0,0,1,0,0,0,1,0,1,1,Jake Combs,Matt Basye,East
223,2022,6/2/2022,65,210,2022_210,.,.,0,2,0,0,0,0,2,0,0,2,Jake Combs,Matt Basye,East
224,2022,6/2/2022,65,211,2022_210,.,.,1,0,0,0,0,0,1,0,0,0,Jake Combs,Matt Basye,East
225,2022,6/2/2022,65,212,2022_212,.,.,1,0,0,0,0,0,1,0,0,0,Jake Combs,Matt Basye,East
226,2022,6/2/2022,65,213,2022_213,.,.,0,0,1,0,0,0,1,0,1,1,Jake Combs,Matt Basye,East
227,2022,6/2/2022,65,214,2022_214,.,.,2,0,1,0,0,0,3,0,1,1,Jake Combs,Matt Basye,East
228,2022,6/2/2022,65,215,2022_215,.,.,2,0,2,0,0,0,4,0,2,2,Jake Combs,Matt Basye,East
229,2022,6/2/2022,65,216,2022_216,.,.,1,0,0,0,0,0,1,0,0,0,Jake Combs,Matt Basye,East
230,2022,6/2/2022,65,217,2022_217,.,.,4,0,0,0,0,0,4,0,0,0,Jake Combs,Matt Basye,East
231,2022,6/2/2022,65,218,2022_218,.,.,1,0,0,0,0,0,1,0,0,0,Jake Combs,Matt Basye,East
232,2022,6/2/2022,65,219,2022_219,.,.,0,0,1,0,0,0,1,0,1,1,Jake Combs,Matt Basye,East
233,2022,6/2/2022,65,220,2022_220,.,.,1,0,0,0,0,0,0,0,0,0,Jake Combs,Matt Basye,East
234,2022,6/2/2022,65,221,2022_221,.,.,0,0,0,1,0,0,1,1,1,1,Jake Combs,Matt Basye,East
235,2022,6/2/2022,65,222,2022_222,.,.,1,0,0,0,1,0,2,2,1,1,Jake Combs,Matt Basye,East
236,2022,6/2/2022,65,223,2022_223,.,.,0,0,0,0,1,0,1,2,1,1,Jake Combs,Matt Basye,East
237,2022,6/2/2022,65,224,2022_224,.,.,0,0,1,0,0,0,1,0,1,1,Jake Combs,Matt Basye,East
238,2022,6/2/2022,65,225,2022_225,.,.,1,0,1,0,0,0,2,0,1,1,Jake Combs,Matt Basye,East
239,2022,6/2/2022,65,226,2022_226,.,.,5,0,0,0,0,0,5,0,0,0,Jake Combs,Matt Basye,East
240,2022,6/2/2022,65,227,2022_227,.,.,5,0,0,0,0,0,5,0,0,0,Jake Combs,Matt Basye,East
241,2022,6/2/2022,65,228,2022_228,.,.,1,0,0,0,0,0,1,0,0,0,Jake Combs,Matt Basye,East
242,2022,6/2/2022,65,229,2022_229,.,.,1,0,0,0,0,0,1,0,0,0,Jake Combs,Matt Basye,East
243,2022,6/2/2022,65,230,2022_230,.,.,0,0,1,0,0,0,1,0,1,1,Jake Combs,Matt Basye,East
244,2022,6/2/2022,65,231,2022_231,.,.,2,0,1,0,0,0,3,0,1,1,Jake Combs,Matt Basye,East
245,2022,6/2/2022,65,232,2022_232,62.928407,-141.656371,1,0,0,0,0,0,1,0,0,0,Jake Combs,Matt Basye,East
246,2022,6/2/2022,65,234,2022_234,.,.,0,1,2,0,0,0,3,0,2,3,Jake Combs,Matt Basye,East
247,2022,6/2/2022,65,235,2022_235,62.82902403,-141.685371,2,0,0,0,0,0,2,0,0,0,Jake Combs,Matt Basye,East
248,2022,6/2/2022,65,236,2022_236,.,.,0,0,1,0,0,0,1,0,1,1,Jake Combs,Matt Basye,East
249,2022,6/2/2022,65,237,2022_237,62.844666,-141.842336,1,0,1,0,0,0,2,0,1,1,Jake Combs,Matt Basye,East
250,2022,6/2/2022,65,238,2022_238,62.82701899,-141.865446,0,0,1,0,0,0,1,0,1,1,Jake Combs,Matt Basye,East
251,2022,6/2/2022,65,239,2022_239,62.82908002,-141.610104,0,1,1,0,0,0,2,0,1,2,Jake Combs,Matt Basye,East
252,2022,6/2/2022,65,240,2022_240,.,.,1,0,0,0,0,0,1,0,0,0,Jake Combs,Matt Basye,East
253,2022,6/2/2022,65,241,2022_241,.,.,1,0,0,0,0,0,1,0,0,0,Jake Combs,Matt Basye,East
254,2022,6/2/2022,65,242,2022_242,.,.,0,0,0,1,0,0,1,1,1,1,Jake Combs,Matt Basye,East
255,2022,6/2/2022,65,243,2022_243,.,.,0,0,1,0,0,0,1,0,1,1,Jake Combs,Matt Basye,East
256,2022,6/2/2022,65,244,2022_244,.,.,1,0,0,0,0,0,1,0,0,0,Jake Combs,Matt Basye,East
257,2022,6/2/2022,65,245,2022_245,.,.,3,0,0,0,0,0,3,0,0,0,Jake Combs,Matt Basye,East
258,2022,6/2/2022,65,246,2022_246,.,.,2,0,0,0,0,0,2,0,0,0,Jake Combs,Matt Basye,East
259,2022,6/2/2022,65,247,2022_247,.,.,0,0,0,1,0,0,1,1,1,1,Jake Combs,Matt Basye,East
260,2022,6/2/2022,65,248,2022_248,.,.,0,0,0,1,0,0,1,1,1,1,Jake Combs,Matt Basye,East
261,2022,6/2/2022,65,249,2022_249,.,.,1,0,0,0,0,0,1,0,0,0,Jake Combs,Matt Basye,East
262,2022,6/2/2022,65,250,2022_250,.,.,0,0,1,0,0,0,1,0,1,1,Jake Combs,Matt Basye,East
263,2022,6/2/2022,65,251,2022_251,.,.,0,0,1,0,0,0,1,0,1,1,Jake Combs,Matt Basye,East
264,2022,6/2/2022,65,252,2022_252,.,.,0,0,0,1,0,0,1,1,1,1,Jake Combs,Matt Basye,East
265,2022,6/2/2022,65,253,2022_253,62.560623,-141.10959,0,0,1,0,0,0,1,0,1,1,Jake Combs,Matt Basye,East
266,2022,6/2/2022,65,255,2022_255,.,.,1,0,0,0,0,0,1,0,0,0,Jake Combs,Matt Basye,East
267,2022,6/2/2022,65,256,2022_256,.,.,0,1,0,0,0,0,1,0,0,1,Jake Combs,Matt Basye,East
268,2022,6/2/2022,65,257,2022_257,.,.,1,0,0,0,0,0,1,0,0,0,Jake Combs,Matt Basye,East
269,2022,6/2/2022,65,258,2022_258,.,.,1,0,0,0,0,0,1,0,0,0,Jake Combs,Matt Basye,East
270,2022,6/2/2022,65,259,2022_259,.,.,1,0,0,0,0,0,1,0,0,0,Jake Combs,Matt Basye,East
271,2022,6/2/2022,65,260,2022_260,.,.,0,0,1,0,0,0,1,0,1,1,Jake Combs,Matt Basye,East
272,2022,6/2/2022,65,261,2022_261,.,.,1,0,0,0,0,0,1,0,0,0,Jake Combs,Matt Basye,East
273,2022,6/2/2022,65,262,2022_262,.,.,0,0,1,0,0,0,1,0,1,1,Jake Combs,Matt Basye,East
274,2022,6/2/2022,65,263,2022_263,.,.,1,0,0,0,0,0,1,0,0,0,Jake Combs,Matt Basye,East
275,2022,6/2/2022,65,264,2022_264,.,.,1,0,0,0,0,0,1,0,0,0,Jake Combs,Matt Basye,East
276,2022,6/2/2022,65,265,2022_265,.,.,0,0,0,1,0,0,1,1,1,1,Jake Combs,Matt Basye,East
277,2022,6/2/2022,65,266,2022_266,.,.,3,0,0,0,0,0,3,0,0,0,Jake Combs,Matt Basye,East
278,2022,6/2/2022,65,267,2022_267,.,.,1,0,0,0,0,0,1,0,0,0,Jake Combs,Matt Basye,East
279,2022,6/2/2022,65,269,2022_269,.,.,1,0,1,0,0,0,2,0,1,1,Jake Combs,Matt Basye,East
280,2022,6/2/2022,65,270,2022_270,.,.,1,0,0,0,0,0,1,0,0,0,Jake Combs,Matt Basye,East
281,2022,6/2/2022,65,271,2022_271,.,.,1,0,1,0,0,0,2,0,1,1,Jake Combs,Matt Basye,East
282,2022,6/2/2022,65,272,2022_272,.,.,0,0,0,1,0,0,1,1,1,1,Jake Combs,Matt Basye,East
283,2022,6/2/2022,65,273,2022_273,.,.,0,0,0,1,0,0,1,1,1,1,Jake Combs,Matt Basye,East
284,2022,6/2/2022,65,274,2022_274,.,.,0,1,1,0,0,0,2,0,1,2,Jake Combs,Matt Basye,East
285,2022,6/2/2022,65,275,2022_275,.,.,0,0,1,0,0,0,1,0,1,1,Jake Combs,Matt Basye,East
286,2022,6/2/2022,65,276,2022_276,.,.,0,0,1,0,0,0,1,0,1,1,Jake Combs,Matt Basye,East
287,2022,6/2/2022,65,277,2022_277,.,.,1,1,1,0,0,0,3,0,1,2,Jake Combs,Matt Basye,East
288,2022,6/2/2022,65,278,2022_278,.,.,0,0,0,0,1,0,1,2,1,1,Jake Combs,Matt Basye,East
289,2022,6/2/2022,65,279,2022_279,.,.,0,0,1,0,0,0,1,0,1,1,Jake Combs,Matt Basye,East
290,2022,6/2/2022,65,280,2022_280,.,.,0,0,1,0,0,0,1,0,1,1,Jake Combs,Matt Basye,East
291,2022,6/2/2022,65,281,2022_281,.,.,0,0,0,1,0,0,1,1,1,1,Jake Combs,Matt Basye,East
292,2022,6/2/2022,65,282,2022_282,.,.,1,0,0,0,0,0,1,0,0,0,Jake Combs,Matt Basye,East
293,2022,6/2/2022,65,283,2022_283,.,.,0,0,1,0,0,0,1,0,1,1,Jake Combs,Matt Basye,East
294,2022,6/2/2022,65,284,2022_284,.,.,0,0,1,0,0,0,1,0,1,1,Jake Combs,Matt Basye,East
295,2022,6/2/2022,65,285,2022_285,.,.,1,0,0,0,0,0,1,0,0,0,Jake Combs,Matt Basye,East
204,2022,6/3/2022,65,91,2022_091,63.28490602,-142.960155,0,0,0,1,0,0,1,1,1,1,Leif Wilson,Brent Jamison,West
205,2022,6/3/2022,65,92,2022_092,63.20568798,-143.045954,0,0,1,0,0,0,1,0,1,1,Leif Wilson,Brent Jamison,West
206,2022,6/3/2022,65,93,2022_093,63.15333696,-143.15117,0,0,1,0,0,0,1,0,1,1,Leif Wilson,Brent Jamison,West
207,2022,6/3/2022,65,94,2022_094,63.15146796,-143.158508,0,0,0,1,0,0,1,1,1,1,Leif Wilson,Brent Jamison,West
208,2022,6/3/2022,65,95,2022_095,63.14689698,-143.194722,0,0,0,1,0,0,1,1,1,1,Leif Wilson,Brent Jamison,West
209,2022,6/3/2022,65,96,2022_096,63.12986,-143.270549,0,0,0,1,0,0,1,1,1,1,Leif Wilson,Brent Jamison,West
210,2022,6/3/2022,65,97,2022_097,63.09632502,-143.384465,0,0,0,1,0,0,1,1,1,1,Leif Wilson,Brent Jamison,West
211,2022,6/3/2022,65,99,2022_099,63.08551102,-142.884656,0,0,0,0,1,0,1,2,1,1,Leif Wilson,Brent Jamison,West
212,2022,6/3/2022,65,100,2022_100,63.08691398,-142.873831,0,0,0,1,0,0,1,1,1,1,Leif Wilson,Brent Jamison,West
213,2022,6/3/2022,65,101,2022_101,63.07973203,-142.873645,2,0,0,0,0,0,2,0,0,0,Leif Wilson,Brent Jamison,West
214,2022,6/3/2022,65,102,2022_102,63.08322804,-142.866748,0,0,0,1,0,0,1,1,1,1,Leif Wilson,Brent Jamison,West
215,2022,6/3/2022,65,103,2022_103,63.081194,-142.893908,1,0,0,0,0,0,1,0,0,0,Leif Wilson,Brent Jamison,West
216,2022,6/3/2022,65,104,2022_104,63.08162098,-142.883478,0,0,1,0,0,0,1,0,1,1,Leif Wilson,Brent Jamison,West
217,2022,6/3/2022,65,105,2022_105,63.07374903,-142.876752,0,0,1,0,0,0,1,0,1,1,Leif Wilson,Brent Jamison,West
218,2022,6/3/2022,65,106,2022_106,63.08033897,-142.873232,2,0,0,0,0,0,2,0,0,0,Leif Wilson,Brent Jamison,West
219,2022,6/3/2022,65,107,2022_107,63.06546402,-142.854437,2,0,0,0,0,0,2,0,0,0,Leif Wilson,Brent Jamison,West
220,2022,6/3/2022,65,108,2022_108,63.051051,-142.853571,1,0,1,0,0,0,2,0,1,1,Leif Wilson,Brent Jamison,West
221,2022,6/3/2022,65,110,2022_110,63.32538298,-142.923215,0,0,0,1,0,0,1,1,1,1,Leif Wilson,Brent Jamison,West
296,2023,5/30/2023,64,1,2023_1,63.323878,-142.924329,0,0,0,1,0,0,1,1,1,1,Leif Wilson,Brent Jamison,West
305,2023,5/30/2023,64,10,2023_10,63.240462,-142.483981,0,0,0,1,0,0,1,1,1,1,Leif Wilson,Brent Jamison,West
306,2023,5/30/2023,64,11,2023_11,63.233646,-142.468226,0,0,0,1,0,0,1,1,1,1,Leif Wilson,Brent Jamison,West
307,2023,5/30/2023,64,12,2023_12,63.228554,-142.440924,0,0,1,0,0,0,1,0,1,1,Leif Wilson,Brent Jamison,West
308,2023,5/30/2023,64,13,2023_13,63.228554,-142.440924,0,0,0,0,1,0,1,2,1,1,Leif Wilson,Brent Jamison,West
309,2023,5/30/2023,64,14,2023_14,63.237412,-142.421383,0,0,1,0,0,0,1,0,1,1,Leif Wilson,Brent Jamison,West
310,2023,5/30/2023,64,15,2023_15,63.220334,-142.419686,0,0,0,1,0,0,1,1,1,1,Leif Wilson,Brent Jamison,West
311,2023,5/30/2023,64,16,2023_16,63.194917,-142.39975,1,0,0,0,0,0,1,0,0,0,Leif Wilson,Brent Jamison,West
312,2023,5/30/2023,64,17,2023_17,63.212146,-142.372245,1,0,0,0,0,0,1,0,0,0,Leif Wilson,Brent Jamison,West
313,2023,5/30/2023,64,18,2023_18,63.198368,-142.326264,1,0,0,0,0,0,1,0,0,0,Leif Wilson,Brent Jamison,West
314,2023,5/30/2023,64,19,2023_19,63.192452,-142.351571,0,0,2,0,0,0,2,0,2,2,Leif Wilson,Brent Jamison,West
297,2023,5/30/2023,64,2,2023_2,63.292113,-142.701612,2,0,0,0,0,0,2,0,0,0,Leif Wilson,Brent Jamison,West
315,2023,5/30/2023,64,20,2023_20,63.198687,-142.264564,2,0,0,0,0,0,2,0,0,0,Leif Wilson,Brent Jamison,West
316,2023,5/30/2023,64,21,2023_21,63.153677,-142.249655,2,0,0,0,0,0,2,0,0,0,Leif Wilson,Brent Jamison,West
317,2023,5/30/2023,64,22,2023_22,63.233993,-142.621344,0,0,1,0,0,0,1,0,1,1,Leif Wilson,Brent Jamison,West
318,2023,5/30/2023,64,23,2023_23,63.233883,-142.62832,0,0,0,1,0,0,1,1,1,1,Leif Wilson,Brent Jamison,West
319,2023,5/30/2023,64,24,2023_24,63.224456,-142.595327,1,0,0,0,0,0,1,0,0,0,Leif Wilson,Brent Jamison,West
320,2023,5/30/2023,64,25,2023_25,63.22323,-142.604665,0,0,0,1,0,0,1,1,1,1,Leif Wilson,Brent Jamison,West
298,2023,5/30/2023,64,3,2023_3,63.262315,-142.647257,0,0,0,1,0,0,1,1,1,1,Leif Wilson,Brent Jamison,West
299,2023,5/30/2023,64,4,2023_4,63.263223,-142.650121,0,0,1,0,0,0,1,0,1,1,Leif Wilson,Brent Jamison,West
300,2023,5/30/2023,64,5,2023_5,63.23257,-142.582916,0,0,1,0,0,0,1,0,1,1,Leif Wilson,Brent Jamison,West
301,2023,5/30/2023,64,6,2023_6,63.251017,-142.527906,0,0,0,1,0,0,1,1,1,1,Leif Wilson,Brent Jamison,West
302,2023,5/30/2023,64,7,2023_7,63.238166,-142.503629,0,0,1,0,0,0,1,0,1,1,Leif Wilson,Brent Jamison,West
303,2023,5/30/2023,64,8,2023_8,63.238549,-142.489599,0,2,1,0,0,0,3,0,1,3,Leif Wilson,Brent Jamison,West
304,2023,5/30/2023,64,9,2023_9,63.238549,-142.489599,0,0,1,0,0,0,1,0,1,1,Leif Wilson,Brent Jamison,West
321,2023,5/31/2023,70,26,2023_26,63.321732,-142.926624,0,0,1,0,0,0,1,0,1,1,Jake Combs,Brent Jamison,West
322,2023,5/31/2023,70,27,2023_27,63.305265,-142.929672,0,0,1,0,0,0,1,0,1,1,Jake Combs,Brent Jamison,West
323,2023,5/31/2023,70,28,2023_28,63.305368,-142.932168,0,0,0,1,0,0,1,1,1,1,Jake Combs,Brent Jamison,West
324,2023,5/31/2023,70,29,2023_29,63.249655,-142.905995,0,0,0,1,0,0,1,1,1,1,Jake Combs,Brent Jamison,West
325,2023,5/31/2023,70,30,2023_30,63.228155,-142.921235,0,0,1,0,0,0,1,0,1,1,Jake Combs,Brent Jamison,West
326,2023,5/31/2023,70,31,2023_31,63.23399,-142.91981,1,0,0,0,0,0,1,0,0,0,Jake Combs,Brent Jamison,West
327,2023,5/31/2023,70,32,2023_32,63.229634,-142.923961,1,0,0,0,0,0,1,0,0,0,Jake Combs,Brent Jamison,West
328,2023,5/31/2023,70,33,2023_33,63.224694,-142.933867,0,0,1,0,0,0,1,0,1,1,Jake Combs,Brent Jamison,West
329,2023,5/31/2023,70,34,2023_34,63.224716,-142.967505,0,0,1,0,0,0,1,0,1,1,Jake Combs,Brent Jamison,West
330,2023,5/31/2023,70,35,2023_35,63.220714,-142.96337,0,1,1,0,0,0,2,0,1,2,Jake Combs,Brent Jamison,West
331,2023,5/31/2023,70,36,2023_36,63.229955,-142.990541,0,0,0,1,0,0,1,1,1,1,Jake Combs,Brent Jamison,West
332,2023,5/31/2023,70,37,2023_37,63.235228,-142.965487,0,0,0,1,0,0,1,1,1,1,Jake Combs,Brent Jamison,West
333,2023,5/31/2023,70,38,2023_38,63.228114,-143.021848,0,0,0,1,0,0,1,1,1,1,Jake Combs,Brent Jamison,West
334,2023,5/31/2023,70,39,2023_39,63.20959,-142.969032,0,0,0,1,0,0,1,1,1,1,Jake Combs,Brent Jamison,West
335,2023,5/31/2023,70,40,2023_40,63.210131,-142.976091,1,0,0,0,0,0,1,0,0,0,Jake Combs,Brent Jamison,West
336,2023,5/31/2023,70,41,2023_41,63.209165,-143.001453,0,1,1,0,0,0,2,0,1,2,Jake Combs,Brent Jamison,West
337,2023,5/31/2023,70,42,2023_42,63.178138,-143.091745,0,0,0,1,0,0,1,1,1,1,Jake Combs,Brent Jamison,West
338,2023,5/31/2023,70,43,2023_43,63.174802,-143.084856,0,0,0,1,0,0,1,1,1,1,Jake Combs,Brent Jamison,West
339,2023,5/31/2023,70,44,2023_44,63.162559,-143.117141,0,0,0,1,0,0,1,1,1,1,Jake Combs,Brent Jamison,West
340,2023,5/31/2023,70,45,2023_45,63.103694,-143.290669,0,0,1,0,0,0,1,0,1,1,Jake Combs,Brent Jamison,West
341,2023,5/31/2023,70,46,2023_46,63.175992,-143.03538,1,0,0,0,0,0,1,0,0,0,Jake Combs,Brent Jamison,West
342,2023,5/31/2023,70,47,2023_47,63.186513,-143.020253,0,0,0,1,0,0,1,1,1,1,Jake Combs,Brent Jamison,West
343,2023,5/31/2023,70,48,2023_48,63.185654,-143.027134,1,0,0,0,0,0,1,0,0,0,Jake Combs,Brent Jamison,West
344,2023,5/31/2023,70,49,2023_49,63.239105,-142.683291,0,0,0,1,0,0,1,1,1,1,Jake Combs,Brent Jamison,West
345,2023,5/31/2023,70,50,2023_50,63.252895,-142.81038,0,0,1,0,0,0,1,0,1,1,Jake Combs,Brent Jamison,West
346,2023,5/31/2023,70,51,2023_51,63.239938,-142.763868,1,0,0,0,0,0,1,0,0,0,Jake Combs,Brent Jamison,West
347,2023,5/31/2023,70,52,2023_52,63.126235,-142.671891,0,0,1,0,0,0,1,0,1,1,Jake Combs,Brent Jamison,West
348,2023,5/31/2023,70,53,2023_53,63.075528,-142.400247,1,0,0,0,0,0,1,0,0,0,Jake Combs,Brent Jamison,West
349,2023,5/31/2023,70,54,2023_54,63.075819,-142.397062,1,0,0,0,0,0,1,0,0,0,Jake Combs,Brent Jamison,West
350,2023,5/31/2023,70,55,2023_55,63.034919,-142.322179,0,0,1,0,0,0,1,0,1,1,Jake Combs,Brent Jamison,West
351,2023,5/31/2023,70,56,2023_56,63.021896,-142.297059,0,0,1,0,0,0,1,0,1,1,Jake Combs,Brent Jamison,West
352,2023,5/31/2023,70,57,2023_57,63.012138,-142.315597,0,1,1,0,0,0,2,0,1,2,Jake Combs,Brent Jamison,West
353,2023,5/31/2023,70,58,2023_58,63.004607,-142.324415,4,0,1,0,0,0,5,0,1,1,Jake Combs,Brent Jamison,West
354,2023,5/31/2023,70,59,2023_59,62.987692,-142.317759,0,0,1,0,0,0,1,0,1,1,Jake Combs,Brent Jamison,West
355,2023,5/31/2023,70,60,2023_60,62.939483,-142.230124,0,0,1,0,0,0,1,0,1,1,Jake Combs,Brent Jamison,West
356,2023,5/31/2023,70,61,2023_61,62.917027,-142.234052,0,0,1,0,0,0,1,0,1,1,Jake Combs,Brent Jamison,West
357,2023,5/31/2023,70,62,2023_62,62.923676,-142.226685,1,0,0,0,0,0,1,0,0,0,Jake Combs,Brent Jamison,West
358,2023,5/31/2023,70,63,2023_63,62.91755,-142.236803,0,0,0,1,0,0,1,1,1,1,Jake Combs,Brent Jamison,West
359,2023,5/31/2023,70,64,2023_64,62.908841,-142.243968,1,0,0,0,0,0,1,0,0,0,Jake Combs,Brent Jamison,West
360,2023,5/31/2023,70,65,2023_65,62.884785,-142.235619,0,0,0,1,0,0,1,1,1,1,Jake Combs,Brent Jamison,West
361,2023,5/31/2023,70,66,2023_66,62.879526,-142.249344,0,0,0,1,0,0,1,1,1,1,Jake Combs,Brent Jamison,West
362,2023,5/31/2023,70,67,2023_67,62.874869,-142.243092,0,0,1,0,0,0,1,0,1,1,Jake Combs,Brent Jamison,West
363,2023,5/31/2023,70,68,2023_68,62.874045,-142.239947,1,0,0,0,0,0,1,0,0,0,Jake Combs,Brent Jamison,West
364,2023,5/31/2023,70,69,2023_69,62.887076,-142.266771,0,0,0,1,0,0,1,1,1,1,Jake Combs,Brent Jamison,West
365,2023,5/31/2023,70,70,2023_70,62.88303,-142.275826,1,0,0,0,0,0,1,0,0,0,Jake Combs,Brent Jamison,West
366,2023,5/31/2023,70,71,2023_71,62.869683,-142.304216,0,0,0,1,0,0,1,1,1,1,Jake Combs,Brent Jamison,West
367,2023,5/31/2023,70,72,2023_72,62.862163,-142.301524,0,0,1,1,0,0,2,1,2,2,Jake Combs,Brent Jamison,West
368,2023,5/31/2023,70,73,2023_73,62.851754,-142.294395,1,0,0,0,0,0,1,0,0,0,Jake Combs,Brent Jamison,West
369,2023,5/31/2023,70,74,2023_74,62.8399,-142.291592,2,0,0,0,0,0,2,0,0,0,Jake Combs,Brent Jamison,West
370,2023,5/31/2023,70,75,2023_75,62.831,-142.296254,0,0,1,0,0,0,1,0,1,1,Jake Combs,Brent Jamison,West
371,2023,5/31/2023,70,76,2023_76,62.831406,-142.297022,0,0,1,0,0,0,1,0,1,1,Jake Combs,Brent Jamison,West
372,2023,5/31/2023,70,77,2023_77,62.735968,-142.165995,0,0,1,0,0,0,1,0,1,1,Jake Combs,Brent Jamison,West
373,2023,5/31/2023,70,78,2023_78,62.815112,-141.965988,0,0,1,0,0,0,1,0,1,1,Jake Combs,Brent Jamison,East
374,2023,5/31/2023,70,79,2023_79,62.810974,-141.962004,1,0,2,0,0,0,3,0,2,2,Jake Combs,Brent Jamison,East
375,2023,5/31/2023,70,80,2023_80,62.812999,-141.919871,3,0,0,0,0,0,3,0,0,0,Jake Combs,Brent Jamison,East
376,2023,5/31/2023,70,81,2023_81,62.819275,-141.896953,1,0,0,0,0,0,1,0,0,0,Jake Combs,Brent Jamison,East
377,2023,5/31/2023,70,82,2023_82,62.826499,-141.915357,1,0,0,0,0,0,1,0,0,0,Jake Combs,Brent Jamison,East
378,2023,5/31/2023,70,83,2023_83,62.827465,-141.926999,2,0,0,0,0,0,2,0,0,0,Jake Combs,Brent Jamison,East
379,2023,5/31/2023,70,84,2023_84,62.84635,-141.867836,0,0,0,1,0,0,1,1,1,1,Jake Combs,Brent Jamison,East
380,2023,5/31/2023,70,85,2023_85,62.873417,-141.873362,0,0,0,1,0,0,1,1,1,1,Jake Combs,Brent Jamison,East
381,2023,5/31/2023,70,86,2023_86,62.852687,-141.957103,3,0,0,0,0,0,3,0,0,0,Jake Combs,Brent Jamison,East
382,2023,5/31/2023,70,87,2023_87,62.840907,-141.985634,1,0,0,0,0,0,1,0,0,0,Jake Combs,Brent Jamison,East
383,2023,5/31/2023,70,88,2023_88,62.870581,-141.94588,1,0,0,0,0,0,1,0,0,0,Jake Combs,Brent Jamison,East
384,2023,5/31/2023,70,89,2023_89,62.877551,-141.943264,0,0,1,0,0,0,1,0,1,1,Jake Combs,Brent Jamison,East
385,2023,5/31/2023,70,90,2023_90,62.879925,-141.955623,0,0,0,1,0,0,1,1,1,1,Jake Combs,Brent Jamison,East
386,2023,5/31/2023,70,91,2023_91,62.893167,-141.964147,2,0,0,0,0,0,2,0,0,0,Jake Combs,Brent Jamison,East
387,2023,5/31/2023,70,92,2023_92,62.873113,-142.080983,0,0,1,0,0,0,1,0,1,1,Jake Combs,Brent Jamison,East
388,2023,5/31/2023,70,93,2023_93,62.901373,-142.058035,0,0,2,0,0,0,2,0,2,2,Jake Combs,Brent Jamison,East
389,2023,5/31/2023,70,94,2023_94,62.935261,-142.038394,1,0,0,0,0,0,1,0,0,0,Jake Combs,Brent Jamison,West
390,2023,5/31/2023,70,95,2023_95,63.085068,-142.057931,0,0,0,1,0,0,1,1,1,1,Jake Combs,Brent Jamison,West
391,2023,5/31/2023,70,96,2023_96,63.298485,-142.844547,1,0,0,0,0,0,1,0,0,0,Jake Combs,Brent Jamison,West
392,2023,5/31/2023,70,97,2023_97,63.299607,-142.85103,0,0,0,1,0,0,1,1,1,1,Jake Combs,Brent Jamison,West
393,2023,5/31/2023,70,98,2023_98,63.303914,-142.840175,0,0,1,0,0,0,1,0,1,1,Jake Combs,Brent Jamison,West
394,2023,5/31/2023,70,99,2023_99,63.321666,-142.86058,0,0,0,1,0,0,1,1,1,1,Jake Combs,Brent Jamison,West
24,2024,5/28/2024,60,1,2024_1,63.230334,-142.575447,0,0,3,0,0,0,3,0,3,3,Jake Combs,Brent Jamison,West
33,2024,5/28/2024,60,10,2024_10,63.021755,-142.307673,1,0,0,0,0,0,1,0,0,0,Jake Combs,Brent Jamison,West
23,2024,5/28/2024,60,101,2024_101,63.2584,-142.70389,0,0,0,1,0,0,1,1,1,1,Jake Combs,Brent Jamison,West
22,2024,5/28/2024,60,102,2024_102,63.15075,-142.13906,0,0,1,0,0,0,1,0,1,1,Jake Combs,Brent Jamison,West
34,2024,5/28/2024,60,11,2024_11,62.994149,-142.249278,0,0,0,1,0,0,1,1,1,1,Jake Combs,Brent Jamison,West
35,2024,5/28/2024,60,12,2024_12,62.920851,-142.194823,0,0,0,0,1,0,1,2,1,1,Jake Combs,Brent Jamison,West
36,2024,5/28/2024,60,13,2024_13,62.930129,-142.211597,1,0,0,0,0,0,1,0,0,0,Jake Combs,Brent Jamison,West
37,2024,5/28/2024,60,14,2024_14,62.873009,-142.393387,0,0,1,0,0,0,1,0,1,1,Jake Combs,Brent Jamison,West
38,2024,5/28/2024,60,15,2024_15,62.863571,-142.28574,1,0,0,0,0,0,1,0,0,0,Jake Combs,Brent Jamison,West
39,2024,5/28/2024,60,16,2024_16,62.810309,-142.251507,0,0,0,1,0,0,1,1,1,1,Jake Combs,Brent Jamison,West
40,2024,5/28/2024,60,17,2024_17,62.758747,-142.153203,0,0,1,0,0,0,1,0,1,1,Jake Combs,Brent Jamison,East
41,2024,5/28/2024,60,18,2024_18,62.738076,-142.160514,0,0,0,1,0,0,1,1,1,1,Jake Combs,Brent Jamison,West
42,2024,5/28/2024,60,19,2024_19,62.691685,-142.134595,0,0,0,1,0,0,1,1,1,1,Jake Combs,Brent Jamison,West
25,2024,5/28/2024,60,2,2024_2,63.221446,-142.522237,0,0,0,1,0,0,1,1,1,1,Jake Combs,Brent Jamison,West
43,2024,5/28/2024,60,20,2024_20,62.59494,-142.264029,0,0,0,1,0,0,1,1,1,1,Jake Combs,Brent Jamison,West
44,2024,5/28/2024,60,21,2024_21,62.565593,-142.382521,0,0,0,1,0,0,1,1,1,1,Jake Combs,Brent Jamison,East
45,2024,5/28/2024,60,22,2024_22,62.560299,-141.73033,0,0,1,0,0,0,1,0,1,1,Jake Combs,Brent Jamison,East
46,2024,5/28/2024,60,23,2024_23,62.525723,-141.566951,0,0,1,0,0,0,1,0,1,1,Jake Combs,Brent Jamison,East
47,2024,5/28/2024,60,24,2024_24,62.509359,-141.517208,1,0,0,0,0,0,1,0,0,0,Jake Combs,Brent Jamison,East
48,2024,5/28/2024,60,25,2024_25,62.513044,-141.210766,1,0,0,0,0,0,1,0,0,0,Jake Combs,Brent Jamison,East
49,2024,5/28/2024,60,26,2024_26,62.506341,-141.207345,0,0,2,0,0,0,2,0,2,2,Jake Combs,Brent Jamison,East
50,2024,5/28/2024,60,27,2024_27,62.680923,-141.693437,3,0,0,0,0,0,3,0,0,0,Jake Combs,Brent Jamison,East
51,2024,5/28/2024,60,28,2024_28,62.698491,-141.588729,1,0,0,0,0,0,1,0,0,0,Jake Combs,Brent Jamison,East
52,2024,5/28/2024,60,29,2024_29,62.692646,-141.566256,0,0,1,0,0,0,1,0,1,1,Jake Combs,Brent Jamison,East
26,2024,5/28/2024,60,3,2024_3,63.203298,-142.413246,1,0,0,0,0,0,1,0,0,0,Jake Combs,Brent Jamison,West
53,2024,5/28/2024,60,30,2024_30,62.705213,-141.567672,0,0,1,0,0,0,1,0,1,1,Jake Combs,Brent Jamison,East
54,2024,5/28/2024,60,31,2024_31,62.703466,-141.596998,0,0,0,0,1,0,1,2,1,1,Jake Combs,Brent Jamison,East
55,2024,5/28/2024,60,32,2024_32,62.754389,-141.577474,1,0,0,0,0,0,1,0,0,0,Jake Combs,Brent Jamison,East
56,2024,5/28/2024,60,33,2024_33,62.778281,-141.600539,1,0,0,0,0,0,1,0,0,0,Jake Combs,Brent Jamison,East
57,2024,5/28/2024,60,34,2024_34,62.843171,-141.690706,0,0,1,0,0,0,1,0,1,1,Jake Combs,Brent Jamison,East
58,2024,5/28/2024,60,35,2024_35,62.822644,-141.89989,1,0,0,0,0,0,1,0,0,0,Jake Combs,Brent Jamison,East
59,2024,5/28/2024,60,36,2024_36,62.828157,-141.892688,1,0,0,0,0,0,1,0,0,0,Jake Combs,Brent Jamison,East
60,2024,5/28/2024,60,37,2024_37,62.832238,-141.877177,1,0,0,0,0,0,1,0,0,0,Jake Combs,Brent Jamison,East
61,2024,5/28/2024,60,38,2024_38,62.828902,-141.965154,4,0,0,0,0,0,4,0,0,0,Jake Combs,Brent Jamison,East
62,2024,5/28/2024,60,39,2024_39,62.884265,-141.906669,0,0,0,1,0,0,1,1,1,1,Jake Combs,Brent Jamison,East
27,2024,5/28/2024,60,4,2024_4,63.203876,-142.418444,0,0,0,0,1,0,1,2,1,1,Jake Combs,Brent Jamison,West
63,2024,5/28/2024,60,40,2024_40,62.899057,-141.901224,2,0,0,0,0,0,2,0,0,0,Jake Combs,Brent Jamison,East
64,2024,5/28/2024,60,41,2024_41,62.860883,-141.874127,0,0,0,0,1,0,1,2,1,1,Jake Combs,Brent Jamison,East
65,2024,5/28/2024,60,42,2024_42,62.86696,-141.920658,1,0,0,0,0,0,1,0,0,0,Jake Combs,Brent Jamison,East
66,2024,5/28/2024,60,43,2024_43,62.868709,-141.92897,1,0,0,0,0,0,1,0,0,0,Jake Combs,Brent Jamison,East
67,2024,5/28/2024,60,44,2024_44,62.905687,-141.994936,0,0,0,0,1,0,1,2,1,1,Jake Combs,Brent Jamison,East
68,2024,5/28/2024,60,45,2024_45,62.901308,-142.058672,1,0,0,0,0,0,1,0,0,0,Jake Combs,Brent Jamison,East
69,2024,5/28/2024,60,46,2024_46,63.064059,-142.190829,1,0,0,0,0,0,1,0,0,0,Jake Combs,Brent Jamison,West
70,2024,5/28/2024,60,47,2024_47,63.06447,-142.213466,1,0,0,0,0,0,1,0,0,0,Jake Combs,Brent Jamison,West
71,2024,5/28/2024,60,48,2024_48,63.076561,-142.268431,1,0,0,0,0,0,1,0,0,0,Jake Combs,Brent Jamison,West
72,2024,5/28/2024,60,49,2024_49,63.137686,-142.264406,1,0,0,0,0,0,1,0,0,0,Jake Combs,Brent Jamison,West
28,2024,5/28/2024,60,5,2024_5,63.08277,-142.413343,0,0,0,1,0,0,1,1,1,1,Jake Combs,Brent Jamison,West
73,2024,5/28/2024,60,50,2024_50,63.182323,-142.370997,2,0,0,0,0,0,2,0,0,0,Jake Combs,Brent Jamison,West
75,2024,5/28/2024,60,52,2024_52,63.266315,-142.682138,0,0,0,0,1,0,1,2,1,1,Jake Combs,Brent Jamison,West
76,2024,5/28/2024,60,53,2024_53,63.319674,-142.917701,1,0,0,0,0,0,1,0,0,0,Jake Combs,Brent Jamison,West
77,2024,5/28/2024,60,54,2024_54,63.259862,-142.848212,1,0,0,0,0,0,1,0,0,0,Jake Combs,Brent Jamison,West
78,2024,5/28/2024,60,55,2024_55,63.245471,-142.882434,1,0,0,0,0,0,1,0,0,0,Jake Combs,Brent Jamison,West
79,2024,5/28/2024,60,56,2024_56,63.245854,-142.889657,1,0,0,0,0,0,1,0,0,0,Jake Combs,Brent Jamison,West
29,2024,5/28/2024,60,6,2024_6,63.079256,-142.393251,0,0,2,0,0,0,2,0,2,2,Jake Combs,Brent Jamison,West
30,2024,5/28/2024,60,7,2024_7,63.050608,-142.373443,0,0,1,0,0,0,1,0,1,1,Jake Combs,Brent Jamison,West
31,2024,5/28/2024,60,8,2024_8,63.031743,-142.403031,0,0,0,1,0,0,1,1,1,1,Jake Combs,Brent Jamison,West
32,2024,5/28/2024,60,9,2024_9,63.028015,-142.445813,0,0,1,0,0,0,1,0,1,1,Jake Combs,Brent Jamison,West
80,2024,5/29/2024,60,57,2024_57,63.239013,-142.889954,2,0,0,0,0,0,2,0,0,0,Jake Combs,Brent Jamison,West
81,2024,5/29/2024,60,58,2024_58,63.237223,-142.887174,1,0,0,0,0,0,1,0,0,0,Jake Combs,Brent Jamison,West
82,2024,5/29/2024,60,59,2024_59,63.235306,-142.878828,0,0,0,1,0,0,1,1,1,1,Jake Combs,Brent Jamison,West
83,2024,5/29/2024,60,60,2024_60,63.228396,-142.966696,1,0,0,0,0,0,1,0,0,0,Jake Combs,Brent Jamison,West
84,2024,5/29/2024,60,61,2024_61,63.220442,-142.961066,0,0,0,1,0,0,1,1,1,1,Jake Combs,Brent Jamison,West
85,2024,5/29/2024,60,62,2024_62,63.192723,-143.037138,0,0,1,0,0,0,1,0,1,1,Jake Combs,Brent Jamison,West
86,2024,5/29/2024,60,63,2024_63,63.141455,-143.230791,0,0,0,1,0,0,1,1,1,1,Jake Combs,Brent Jamison,West
87,2024,5/29/2024,60,64,2024_64,63.143365,-143.236704,0,0,0,1,0,0,1,1,1,1,Jake Combs,Brent Jamison,West
88,2024,5/29/2024,60,65,2024_65,63.131871,-143.260605,0,0,0,1,0,0,1,1,1,1,Jake Combs,Brent Jamison,West
89,2024,5/29/2024,60,66,2024_66,63.132014,-143.266084,0,0,0,1,0,0,1,1,1,1,Jake Combs,Brent Jamison,West
90,2024,5/29/2024,60,67,2024_67,63.092079,-142.878444,0,0,0,1,0,0,1,1,1,1,Jake Combs,Brent Jamison,West
91,2024,5/29/2024,60,68,2024_68,63.049546,-142.741571,2,0,0,0,0,0,2,0,0,0,Jake Combs,Brent Jamison,West
92,2024,5/29/2024,60,69,2024_69,63.072515,-142.686426,0,0,1,0,0,0,1,0,1,1,Jake Combs,Brent Jamison,West
93,2024,5/29/2024,60,70,2024_70,63.128075,-142.459152,1,0,0,0,0,0,1,0,0,0,Jake Combs,Brent Jamison,West
94,2024,5/29/2024,60,71,2024_71,63.145176,-142.451157,0,0,0,0,1,0,1,2,1,1,Jake Combs,Brent Jamison,West
95,2024,5/29/2024,60,72,2024_72,63.150989,-142.452435,0,0,0,1,0,0,1,1,1,1,Jake Combs,Brent Jamison,West
96,2024,5/29/2024,60,73,2024_73,63.202445,-142.308165,1,0,0,0,0,0,1,0,0,0,Jake Combs,Brent Jamison,West
97,2024,5/29/2024,60,74,2024_74,63.149444,-142.256131,0,0,0,1,0,0,1,1,1,1,Jake Combs,Brent Jamison,West
98,2024,5/29/2024,60,75,2024_75,63.122564,-142.123325,1,0,0,0,0,0,1,0,0,0,Jake Combs,Brent Jamison,West
99,2024,5/29/2024,60,76,2024_76,63.077229,-141.974813,0,0,1,0,0,0,1,0,1,1,Jake Combs,Brent Jamison,West
100,2024,5/29/2024,60,77,2024_77,63.056099,-141.977443,0,0,1,0,0,0,1,0,1,1,Jake Combs,Brent Jamison,West
101,2024,5/29/2024,60,78,2024_78,62.86606,-142.131069,0,0,1,0,0,0,1,0,1,1,Jake Combs,Brent Jamison,East
102,2024,5/29/2024,60,79,2024_79,63.032856,-142.244961,0,0,2,0,0,0,2,0,2,2,Jake Combs,Brent Jamison,West
103,2024,5/29/2024,60,80,2024_80,63.066314,-142.282725,1,0,0,0,0,0,1,0,0,0,Jake Combs,Brent Jamison,West
104,2024,5/29/2024,60,81,2024_81,63.310202,-142.754212,0,0,1,0,0,0,1,0,1,1,Jake Combs,Brent Jamison,West
105,2024,5/29/2024,60,82,2024_82,63.309927,-142.772352,0,0,0,1,0,0,1,1,1,1,Jake Combs,Brent Jamison,West
106,2024,5/29/2024,60,83,2024_83,63.294771,-142.890756,0,0,1,0,0,0,1,0,1,1,Jake Combs,Brent Jamison,West
0,2024,5/31/2024,60,0084,2024_0084,62.989332,-141.903587,1,0,0,0,0,0,1,0,0,0,Jake Combs,Marie Jamison,East
1,2024,5/31/2024,60,0085,2024_0085,63.001784,-141.90137,0,0,2,0,0,0,2,0,2,2,Jake Combs,Marie Jamison,East
2,2024,5/31/2024,60,0086,2024_0086,63.009404,-141.820126,0,0,1,0,0,0,1,0,1,1,Jake Combs,Marie Jamison,East
3,2024,5/31/2024,60,0087,2024_0087,62.96626,-141.740743,0,0,1,0,0,0,1,0,1,1,Jake Combs,Marie Jamison,East
4,2024,5/31/2024,60,0088,2024_0088,62.910476,-141.624358,1,0,0,0,0,0,1,0,0,0,Jake Combs,Marie Jamison,East
5,2024,5/31/2024,60,0089,2024_0089,62.887914,-141.638859,1,0,0,0,0,0,1,0,0,0,Jake Combs,Marie Jamison,East
6,2024,5/31/2024,60,0090,2024_0090,62.862695,-141.669959,0,1,1,0,0,0,2,0,1,2,Jake Combs,Marie Jamison,East
7,2024,5/31/2024,60,0091,2024_0091,62.856906,-141.677001,0,1,1,0,0,0,2,0,1,2,Jake Combs,Marie Jamison,East
8,2024,5/31/2024,60,0092,2024_0092,62.824022,-141.608223,0,0,3,0,0,0,3,0,3,3,Jake Combs,Marie Jamison,East
9,2024,5/31/2024,60,0093,2024_0093,62.811274,-141.545551,1,0,0,0,0,0,1,0,0,0,Jake Combs,Marie Jamison,East
10,2024,5/31/2024,60,0094,2024_0094,62.771917,-141.452975,0,0,0,1,0,0,1,1,1,1,Jake Combs,Marie Jamison,East
11,2024,5/31/2024,60,0095,2024_0095,62.719031,-141.464242,0,0,0,1,0,0,1,1,1,1,Jake Combs,Marie Jamison,East
12,2024,5/31/2024,60,0096,2024_0096,62.557372,-141.202809,1,0,0,0,0,0,1,0,0,0,Jake Combs,Marie Jamison,East
13,2024,5/31/2024,60,0097,2024_0097,62.569161,-141.246951,1,0,0,0,0,0,1,0,0,0,Jake Combs,Marie Jamison,East
14,2024,5/31/2024,60,0098,2024_0098,62.618211,-141.599229,0,0,0,1,0,0,1,1,1,1,Jake Combs,Marie Jamison,East
15,2024,5/31/2024,60,0099,2024_0099,62.680198,-141.903307,1,0,0,0,0,0,1,0,0,0,Jake Combs,Marie Jamison,East
16,2024,5/31/2024,60,0100,2024_0100,62.764114,-141.734826,1,0,0,0,0,0,1,0,0,0,Jake Combs,Marie Jamison,East
17,2024,5/31/2024,60,0101,2024_0101,62.771846,-141.685683,1,0,0,0,0,0,1,0,0,0,Jake Combs,Marie Jamison,East
18,2024,5/31/2024,60,0102,2024_0102,62.911178,-141.790498,1,0,0,0,0,0,1,0,0,0,Jake Combs,Marie Jamison,East
19,2024,5/31/2024,60,0103,2024_0103,62.902552,-141.906058,2,0,0,0,0,0,2,0,0,0,Jake Combs,Marie Jamison,East
20,2024,5/31/2024,60,0104,2024_0104,62.982144,-141.996615,1,0,0,0,0,0,1,0,0,0,Jake Combs,Marie Jamison,West
21,2024,5/31/2024,60,0105,2024_0105,63.010123,-142.062137,1,0,0,0,0,0,1,0,0,0,Jake Combs,Marie Jamison,West
